file_path	usage_type	context	complexity	length	total_usages	value	Source																		
./basic_block_analyzer.rs; ./io_matrix_analyzer.rs; ./code_finder.rs	integer_literal	literal_usage	1	1	8	0	analysis/reports/special/value-lattice/length-1/0.json																		
./basic_block_analyzer.rs; ./io_matrix_analyzer.rs; ./code_finder.rs	integer_literal	literal_usage	1	1	18	1	analysis/reports/special/value-lattice/length-1/1.json																		
./code_finder.rs	integer_literal	literal_usage	1	1	1	2	analysis/reports/special/value-lattice/length-1/2.json																		
./io_matrix_analyzer.rs	integer_literal	literal_usage	1	1	1	3	analysis/reports/special/value-lattice/length-1/3.json																		
./io_matrix_analyzer.rs	integer_literal	literal_usage	1	1	1	5	analysis/reports/special/value-lattice/length-1/5.json																		
./code_finder.rs	string_literal	literal_usage; Value Lattice cataloging unique identifiers	1	10	1	github.com	analysis/reports/special/value-lattice/length-10/github.com.json, 1, 2																		
./basic_block_analyzer.rs; /home/mdupont/nix/.../lib.rs	string_literal	literal_usage	1	14	1	._target_debug	analysis/reports/special/value-lattice/length-14/._target_debug.json, 2																		
./basic_block_analyzer.rs	string_literal	literal_usage	1	28	2	semantic_signature_generator	analysis/reports/special/value-lattice/length-28/semantic_signature_generator.json, 2																		
./io_matrix_analyzer.rs	string_literal	literal_usage	1	21	1	io_matrix_report.json	analysis/reports/special/value-lattice/length-21/io_matrix_report.json.json, 2																		
./io_matrix_analyzer.rs	string_literal	literal_usage	1	1	1	.	3																		
./basic_block_analyzer.rs; ./io_matrix_analyzer.rs	integer_literal	literal_usage	1	2	2	10	3, 2																		
./code_finder.rs	integer_literal	literal_usage	1	2	2	20	3, 2																		
./io_matrix_analyzer.rs	string_literal	literal_usage	1	2	1	,	3																		
./io_matrix_analyzer.rs	string_literal	literal_usage	1	2	1	rs	3, 2																		
./basic_block_analyzer.rs	string_literal	literal_usage	1	2	1	.d	3																		
./io_matrix_analyzer.rs	float_literal	literal_usage	1	3	2	0.0	3, 2																		
./basic_block_analyzer.rs	float_literal	literal_usage	1	3	1	0.5	3, 2																		
./basic_block_analyzer.rs	float_literal	literal_usage	1	3	3	1.0	3, 2																		
./basic_block_analyzer.rs	string_literal	literal_usage	1	3	1	TAB	3, 2																		
./basic_block_analyzer.rs	string_literal	literal_usage	1	33	1	./semantic_signature_generator.rs	3, 2																		
./basic_block_analyzer.rs	string_literal	literal_usage	1	34	1	comprehensive_analysis_report.json	3, 2																		
./io_matrix_analyzer.rs	string_literal	literal_usage	1	4	1	self	3, 2																		
./basic_block_analyzer.rs	string_literal	literal_usage	1	43	1	./target/debug/semantic_signature_generator	3, 2																		
./basic_block_analyzer.rs	float_literal	literal_usage	1	5	1	100.0	3, 2																		
./basic_block_analyzer.rs; ./io_matrix_analyzer.rs	boolean_literal	literal_usage	1	5	2	false	3, 2																		
./basic_block_analyzer.rs	string_literal	literal_usage	1	5	1	SPACE	3, 2																		
./basic_block_analyzer.rs	string_literal	literal_usage	1	5	1	.text	3																		
./code_finder.rs	string_literal	literal_usage	1	56	1	/mnt/data1/meta-introspector/master_canonical_index.json	3, 2																		
./basic_block_analyzer.rs	string_literal	literal_usage	1	6	1	mapper	3, 2																		
./basic_block_analyzer.rs	string_literal	literal_usage	1	6	1	tracer	3, 2																		
./basic_block_analyzer.rs	string_literal	literal_usage	1	7	1	monitor	3, 2																		
./basic_block_analyzer.rs	string_literal	literal_usage	1	7	1	NEWLINE	3, 2																		
./basic_block_analyzer.rs	string_literal	literal_usage	1	7	1	scanner	3, 2																		
./io_matrix_analyzer.rs	string_literal	literal_usage	1	7	1	Unknown	3, 2																		
./basic_block_analyzer.rs	string_literal	literal_usage	1	8	1	analysis	3, 2																		
./basic_block_analyzer.rs	string_literal	literal_usage	1	8	1	analyzer	3, 2																		
./basic_block_analyzer.rs	string_literal	literal_usage	1	8	1	detector	3, 2																		
./code_finder.rs	string_literal	literal_usage	1	8	1	https://	3, 2																		
./basic_block_analyzer.rs	string_literal	literal_usage	1	8	1	profiler	3, 2																		
./code_finder.rs	string_literal	literal_usage	1	9	1	crates.io	3, 2																		
./basic_block_analyzer.rs	string_literal	literal_usage	1	9	1	extractor	3, 2																		
./basic_block_analyzer.rs	string_literal	literal_usage	1	9	1	inspector	3, 2																		
analysis/value-lattice/length-1/self.json	string literal	Value Lattice cataloging unique identifiers	O(1)	4	Not in source	self	1																		
analysis/value-lattice/length-10/fn_main____.json	string literal	Value Lattice cataloging unique identifiers	O(1)	10	Not in source	fn_main____	1																		
analysis/value-lattice/length-10/Cargo.toml.json	string literal	Value Lattice cataloging unique identifiers	O(1)	10	Not in source	Cargo.toml	1																		
analysis/value-lattice/length-10/rustc_driver.json	string literal	Value Lattice cataloging unique identifiers	O(1)	12	Not in source	rustc_driver	1																		
analysis/value-lattice/length-100/comment.json	comment / natural language	Value Lattice cataloging complex identifiers and comments	O(1)	100+	Not in source	_Unlike___map_node_range_up____this_will_not_return__None__if_any_anchors_or_syntax_contexts_differ.	1																		
000_use_fmt_41_48_255b_to_14b.json	compression report	Code compression and optimization analysis	Not in source	Not in source	Not in source	255b to 14b	1																		
038_mod_atomic_ref_87_91_128b_to_10b.json	compression report	Code compression and optimization analysis	Not in source	Not in source	Not in source	128b to 10b	1																		
																									
																									
																									
																									
																									
																									
																									
																									
																									
																									
																									
																									
																									
																									
																									
																									
																									
																									
																									
																									
																									
																									
																									
																									
																									
																									
																									
																									
																									
																									
																									
																									
																									
																									
																									
																									
																									
																									
																									
																									
																									
																									
																									
																									
																									
																									
																									
																									
																									
																									
																									
																									
																									
																									
																									
																									
																									
																									
																									
																									
																									
																									
																									
																									
																									
																									
																									
																									
																									
																									
																									
																									
																									
																									
																									
																									
																									
																									
																									
																									
																									
																									
																									
																									
																									
																									
																									
																									
																									
																									
																									
																									
																									
																									
																									
																									
																									
																									
																									
																									
																									
																									
																									
																									
																									
																									
																									
																									
																									
																									
																									
																									
																									
																									
																									
																									
																									
																									
																									
																									
																									
																									
																									
																									
																									
																									
																									
																									
																									
																									
																									
																									
																									
																									
																									
																									
																									
																									
																									
																									
																									
																									
																									
																									
																									
																									
																									
																									
																									
																									
																									
																									
																									
																									
																									
																									
																									
																									
																									
																									
																									
																									
																									
																									
																									
																									
																									
																									
																									
																									
																									
																									
																									
																									
																									
																									
																									
																									
																									
																									
																									
																									
																									
																									
																									
																									
																									
																									
																									
																									
																									
																									
																									
																									
																									
																									
																									
																									
																									
																									
																									
																									
																									
																									
																									
																									
																									
																									
																									
																									
																									
																									
																									
																									
																									
																									
																									
																									
																									
																									
																									
																									
																									
																									
																									
																									
																									
																									
																									
																									
																									
																									
																									
																									
																									
																									
																									
																									
																									
																									
																									
																									
																									
																									
																									
																									
																									
																									
																									
																									
																									
																									
																									
																									
																									
																									
																									
																									
																									
																									
																									
																									
																									
																									
																									
																									
																									
																									
																									
																									
																									
																									
																									
																									
																									
																									
																									
																									
																									
																									
																									
																									
																									
																									
																									
																									
																									
																									
																									
																									
																									
																									
																									
																									
																									
																									
																									
																									
																									
																									
																									
																									
																									
																									
																									
																									
																									
																									
																									
																									
																									
																									
																									
																									
																									
																									
																									
																									
																									
																									
																									
																									
																									
																									
																									
																									
																									
																									
																									
																									
																									
																									
																									
																									
																									
																									
																									
																									
																									
																									
																									
																									
																									
																									
																									
																									
																									
																									
																									
																									
																									
																									
																									
																									
																									
																									
																									
																									
																									
																									
																									
																									
																									
																									
																									
																									
																									
																									
																									
																									
																									
																									
																									
																									
																									
																									
																									
																									
																									
																									
																									
																									
																									
																									
																									
																									
																									
																									
																									
																									
																									
																									
																									
																									
																									
																									
																									
																									
																									
																									
																									
																									
																									
																									
																									
																									
																									
																									
																									
																									
																									
																									
																									
																									
																									
																									
																									
																									
																									
																									
																									
																									
																									
																									
																									
																									
																									
																									
																									
																									
																									
																									
																									
																									
																									
																									
																									
																									
																									
																									
																									
																									
																									
																									
																									
																									
																									
																									
																									
																									
																									
																									
																									
																									
																									
																									
																									
																									
																									
																									
																									
																									
																									
																									
																									
																									
																									
																									
																									
																									
																									
																									
																									
																									
																									
																									
																									
																									
																									
																									
																									
																									
																									
																									
																									
																									
																									
																									
																									
																									
																									
																									
																									
																									
																									
																									
																									
																									
																									
																									
																									
																									
																									
																									
																									
																									
																									
																									
																									
																									
																									
																									
																									
																									
																									
																									
																									
																									
																									
																									
																									
																									
																									
																									
																									
																									
																									
																									
																									
																									
																									
																									
																									
																									
																									
																									
																									
																									
																									
																									
																									
																									
																									
																									
																									
																									
																									
																									
																									
																									
																									
																									
																									
																									
																									
																									
																									
																									
																									
																									
																									
																									
																									
																									
																									
																									
																									
																									
																									
																									
																									
																									
																									
																									
																									
																									
																									
																									
																									
																									
																									
																									
																									
																									
																									
																									
																									
																									
																									
																									
																									
																									
																									
																									
																									
																									
																									
																									
																									
																									
																									
																									
																									
																									
																									
																									
																									
																									
																									
																									
																									
																									
																									
																									
																									
																									
																									
																									
																									
																									
																									
																									
																									
																									
																									
																									
																									
																									
																									
																									
																									
																									
																									
																									
																									
																									
																									
																									
																									
																									
																									
																									
																									
																									
																									
																									
																									
																									
																									
																									
																									
																									
																									
																									
																									
																									
																									
																									
																									
																									
																									
																									
																									
																									
																									
																									
																									
																									
																									
																									
																									
																									
																									
																									
																									
																									
																									
																									
																									
																									
																									
																									
																									
																									
																									
																									
																									
																									
																									
																									
																									
																									
																									
																									
																									
																									
																									
																									
																									
																									
																									
																									
																									
																									
																									
																									
																									
																									
																									
																									
																									
																									
																									
																									
																									
																									
																									
																									
																									
																									
																									
																									
																									
																									
																									
																									
																									
																									
																									
																									
																									
																									
																									
																									
																									
																									
																									
																									
																									
																									
																									
																									
																									
																									
																									
																									
																									
																									
																									
																									
																									
																									
																									
																									
																									
																									
																									
																									
																									
																									
																									
																									
																									
																									
																									
																									
																									
																									
																									
																									
																									
																									
																									
																									
																									
																									
																									
																									
																									
																									
																									
																									
																									
																									
																									
																									
																									
																									
																									
																									
																									
																									
																									
																									
																									
																									
																									
																									
																									
																									
																									
																									
																									
																									
																									
																									
																									
																									
																									
																									
																									
																									
																									
																									
																									
																									
																									
																									
																									
																									
																									
																									
																									
																									
																									
																									
																									
																									
																									
																									
																									
																									
																									
																									
																									
																									
																									
																									
																									
																									
																									
																									
																									
																									
																									
																									
																									
																									
																									
																									
																									
																									
																									
																									
																									
																									
																									
																									
																									
																									
																									
																									
																									
																									
																									
																									
																									
																									
																									
																									
																									
																									
																									
																									
																									
																									
																									
																									
																									
																									
																									
																									
																									
																									
																									
																									
																									
																									
																									
																									
																									
																									
																									
																									
																									
																									
																									
																									
																									
																									
																									
																									
																									
																									
																									
																									
																									
																									
																									
																									
																									
																									
																									
																									
																									
																									
																									
																									
																									
																									
																									
																									
																									
																									
																									
																									
																									
																									
																									
																									
																									
																									
																									
																									
																									
																									
																									
																									
																									
																									
																									
																									
																									
																									
																									
																									
																									
																									
																									
																									